"","BEZNAME","BEZNR","time","warning_level"
"1","Bezirk Affoltern",101,"2026-06-17","0"
"2","Bezirk Affoltern",101,"2026-06-18","1"
"3","Bezirk Affoltern",101,"2026-06-19","3"
"4","Bezirk Affoltern",101,"2026-06-20","2"
"5","Bezirk Affoltern",101,"2026-06-21","3"
"6","Bezirk Andelfingen",102,"2026-06-17","0"
"7","Bezirk Andelfingen",102,"2026-06-18","0"
"8","Bezirk Andelfingen",102,"2026-06-19","2"
"9","Bezirk Andelfingen",102,"2026-06-20","1"
"10","Bezirk Andelfingen",102,"2026-06-21","1"
"11","Bezirk Bülach",103,"2026-06-17","0"
"12","Bezirk Bülach",103,"2026-06-18","1"
"13","Bezirk Bülach",103,"2026-06-19","3"
"14","Bezirk Bülach",103,"2026-06-20","1"
"15","Bezirk Bülach",103,"2026-06-21","2"
"16","Bezirk Dielsdorf",104,"2026-06-17","0"
"17","Bezirk Dielsdorf",104,"2026-06-18","1"
"18","Bezirk Dielsdorf",104,"2026-06-19","3"
"19","Bezirk Dielsdorf",104,"2026-06-20","1"
"20","Bezirk Dielsdorf",104,"2026-06-21","2"
"21","Bezirk Hinwil",105,"2026-06-17","0"
"22","Bezirk Hinwil",105,"2026-06-18","1"
"23","Bezirk Hinwil",105,"2026-06-19","3"
"24","Bezirk Hinwil",105,"2026-06-20","2"
"25","Bezirk Hinwil",105,"2026-06-21","3"
"26","Bezirk Horgen",106,"2026-06-17","0"
"27","Bezirk Horgen",106,"2026-06-18","1"
"28","Bezirk Horgen",106,"2026-06-19","3"
"29","Bezirk Horgen",106,"2026-06-20","2"
"30","Bezirk Horgen",106,"2026-06-21","3"
"31","Bezirk Meilen",107,"2026-06-17","0"
"32","Bezirk Meilen",107,"2026-06-18","2"
"33","Bezirk Meilen",107,"2026-06-19","3"
"34","Bezirk Meilen",107,"2026-06-20","2"
"35","Bezirk Meilen",107,"2026-06-21","3"
"36","Bezirk Pfäffikon",108,"2026-06-17","0"
"37","Bezirk Pfäffikon",108,"2026-06-18","1"
"38","Bezirk Pfäffikon",108,"2026-06-19","3"
"39","Bezirk Pfäffikon",108,"2026-06-20","1"
"40","Bezirk Pfäffikon",108,"2026-06-21","2"
"41","Bezirk Uster",109,"2026-06-17","0"
"42","Bezirk Uster",109,"2026-06-18","1"
"43","Bezirk Uster",109,"2026-06-19","3"
"44","Bezirk Uster",109,"2026-06-20","2"
"45","Bezirk Uster",109,"2026-06-21","3"
"46","Bezirk Winterthur",110,"2026-06-17","0"
"47","Bezirk Winterthur",110,"2026-06-18","1"
"48","Bezirk Winterthur",110,"2026-06-19","2"
"49","Bezirk Winterthur",110,"2026-06-20","1"
"50","Bezirk Winterthur",110,"2026-06-21","2"
"51","Bezirk Dietikon",111,"2026-06-17","0"
"52","Bezirk Dietikon",111,"2026-06-18","1"
"53","Bezirk Dietikon",111,"2026-06-19","2"
"54","Bezirk Dietikon",111,"2026-06-20","1"
"55","Bezirk Dietikon",111,"2026-06-21","3"
"56","Bezirk Zürich",112,"2026-06-17","0"
"57","Bezirk Zürich",112,"2026-06-18","1"
"58","Bezirk Zürich",112,"2026-06-19","3"
"59","Bezirk Zürich",112,"2026-06-20","2"
"60","Bezirk Zürich",112,"2026-06-21","3"
"61","Arrondissement administratif Jura bernois",241,"2026-06-17","0"
"62","Arrondissement administratif Jura bernois",241,"2026-06-18","1"
"63","Arrondissement administratif Jura bernois",241,"2026-06-19","3"
"64","Arrondissement administratif Jura bernois",241,"2026-06-20","2"
"65","Arrondissement administratif Jura bernois",241,"2026-06-21","3"
"66","Verwaltungskreis Biel/Bienne",242,"2026-06-17","0"
"67","Verwaltungskreis Biel/Bienne",242,"2026-06-18","2"
"68","Verwaltungskreis Biel/Bienne",242,"2026-06-19","3"
"69","Verwaltungskreis Biel/Bienne",242,"2026-06-20","2"
"70","Verwaltungskreis Biel/Bienne",242,"2026-06-21","3"
"71","Verwaltungskreis Seeland",243,"2026-06-17","0"
"72","Verwaltungskreis Seeland",243,"2026-06-18","1"
"73","Verwaltungskreis Seeland",243,"2026-06-19","3"
"74","Verwaltungskreis Seeland",243,"2026-06-20","1"
"75","Verwaltungskreis Seeland",243,"2026-06-21","2"
"76","Verwaltungskreis Oberaargau",244,"2026-06-17","0"
"77","Verwaltungskreis Oberaargau",244,"2026-06-18","1"
"78","Verwaltungskreis Oberaargau",244,"2026-06-19","3"
"79","Verwaltungskreis Oberaargau",244,"2026-06-20","1"
"80","Verwaltungskreis Oberaargau",244,"2026-06-21","2"
"81","Verwaltungskreis Emmental",245,"2026-06-17","0"
"82","Verwaltungskreis Emmental",245,"2026-06-18","1"
"83","Verwaltungskreis Emmental",245,"2026-06-19","3"
"84","Verwaltungskreis Emmental",245,"2026-06-20","1"
"85","Verwaltungskreis Emmental",245,"2026-06-21","3"
"86","Verwaltungskreis Bern-Mittelland",246,"2026-06-17","0"
"87","Verwaltungskreis Bern-Mittelland",246,"2026-06-18","1"
"88","Verwaltungskreis Bern-Mittelland",246,"2026-06-19","3"
"89","Verwaltungskreis Bern-Mittelland",246,"2026-06-20","1"
"90","Verwaltungskreis Bern-Mittelland",246,"2026-06-21","2"
"91","Verwaltungskreis Thun",247,"2026-06-17","1"
"92","Verwaltungskreis Thun",247,"2026-06-18","3"
"93","Verwaltungskreis Thun",247,"2026-06-19","1"
"94","Verwaltungskreis Thun",247,"2026-06-20","3"
"95","Verwaltungskreis Thun",247,"2026-06-21","2"
"96","Verwaltungskreis Obersimmental-Saanen",248,"2026-06-17","0"
"97","Verwaltungskreis Obersimmental-Saanen",248,"2026-06-18","0"
"98","Verwaltungskreis Obersimmental-Saanen",248,"2026-06-19","1"
"99","Verwaltungskreis Obersimmental-Saanen",248,"2026-06-20","0"
"100","Verwaltungskreis Obersimmental-Saanen",248,"2026-06-21","1"
"101","Verwaltungskreis Frutigen-Niedersimmental",249,"2026-06-17","0"
"102","Verwaltungskreis Frutigen-Niedersimmental",249,"2026-06-18","1"
"103","Verwaltungskreis Frutigen-Niedersimmental",249,"2026-06-19","2"
"104","Verwaltungskreis Frutigen-Niedersimmental",249,"2026-06-20","1"
"105","Verwaltungskreis Frutigen-Niedersimmental",249,"2026-06-21","2"
"106","Verwaltungskreis Interlaken-Oberhasli",250,"2026-06-17","0"
"107","Verwaltungskreis Interlaken-Oberhasli",250,"2026-06-18","1"
"108","Verwaltungskreis Interlaken-Oberhasli",250,"2026-06-19","3"
"109","Verwaltungskreis Interlaken-Oberhasli",250,"2026-06-20","2"
"110","Verwaltungskreis Interlaken-Oberhasli",250,"2026-06-21","3"
"111","Wahlkreis Luzern-Stadt",311,"2026-06-17","0"
"112","Wahlkreis Luzern-Stadt",311,"2026-06-18","1"
"113","Wahlkreis Luzern-Stadt",311,"2026-06-19","2"
"114","Wahlkreis Luzern-Stadt",311,"2026-06-20","1"
"115","Wahlkreis Luzern-Stadt",311,"2026-06-21","2"
"116","Wahlkreis Luzern-Land",312,"2026-06-17","0"
"117","Wahlkreis Luzern-Land",312,"2026-06-18","1"
"118","Wahlkreis Luzern-Land",312,"2026-06-19","3"
"119","Wahlkreis Luzern-Land",312,"2026-06-20","2"
"120","Wahlkreis Luzern-Land",312,"2026-06-21","3"
"121","Wahlkreis Hochdorf",313,"2026-06-17","0"
"122","Wahlkreis Hochdorf",313,"2026-06-18","1"
"123","Wahlkreis Hochdorf",313,"2026-06-19","3"
"124","Wahlkreis Hochdorf",313,"2026-06-20","1"
"125","Wahlkreis Hochdorf",313,"2026-06-21","3"
"126","Wahlkreis Sursee",314,"2026-06-17","0"
"127","Wahlkreis Sursee",314,"2026-06-18","2"
"128","Wahlkreis Sursee",314,"2026-06-19","3"
"129","Wahlkreis Sursee",314,"2026-06-20","1"
"130","Wahlkreis Sursee",314,"2026-06-21","3"
"131","Wahlkreis Willisau",315,"2026-06-17","0"
"132","Wahlkreis Willisau",315,"2026-06-18","1"
"133","Wahlkreis Willisau",315,"2026-06-19","3"
"134","Wahlkreis Willisau",315,"2026-06-20","1"
"135","Wahlkreis Willisau",315,"2026-06-21","2"
"136","Wahlkreis Entlebuch",316,"2026-06-17","0"
"137","Wahlkreis Entlebuch",316,"2026-06-18","1"
"138","Wahlkreis Entlebuch",316,"2026-06-19","2"
"139","Wahlkreis Entlebuch",316,"2026-06-20","1"
"140","Wahlkreis Entlebuch",316,"2026-06-21","2"
"141","Kanton Uri",400,"2026-06-17","0"
"142","Kanton Uri",400,"2026-06-18","1"
"143","Kanton Uri",400,"2026-06-19","2"
"144","Kanton Uri",400,"2026-06-20","2"
"145","Kanton Uri",400,"2026-06-21","3"
"146","Bezirk Einsiedeln",501,"2026-06-17","0"
"147","Bezirk Einsiedeln",501,"2026-06-18","1"
"148","Bezirk Einsiedeln",501,"2026-06-19","3"
"149","Bezirk Einsiedeln",501,"2026-06-20","2"
"150","Bezirk Einsiedeln",501,"2026-06-21","3"
"151","Bezirk Gersau",502,"2026-06-17","1"
"152","Bezirk Gersau",502,"2026-06-18","2"
"153","Bezirk Gersau",502,"2026-06-19","3"
"154","Bezirk Gersau",502,"2026-06-20","3"
"155","Bezirk Gersau",502,"2026-06-21","3"
"156","Bezirk Höfe",503,"2026-06-17","0"
"157","Bezirk Höfe",503,"2026-06-18","1"
"158","Bezirk Höfe",503,"2026-06-19","3"
"159","Bezirk Höfe",503,"2026-06-20","2"
"160","Bezirk Höfe",503,"2026-06-21","3"
"161","Bezirk Küssnacht (SZ)",504,"2026-06-17","1"
"162","Bezirk Küssnacht (SZ)",504,"2026-06-18","2"
"163","Bezirk Küssnacht (SZ)",504,"2026-06-19","3"
"164","Bezirk Küssnacht (SZ)",504,"2026-06-20","2"
"165","Bezirk Küssnacht (SZ)",504,"2026-06-21","3"
"166","Bezirk March",505,"2026-06-17","0"
"167","Bezirk March",505,"2026-06-18","1"
"168","Bezirk March",505,"2026-06-19","3"
"169","Bezirk March",505,"2026-06-20","3"
"170","Bezirk March",505,"2026-06-21","3"
"171","Bezirk Schwyz",506,"2026-06-17","0"
"172","Bezirk Schwyz",506,"2026-06-18","1"
"173","Bezirk Schwyz",506,"2026-06-19","3"
"174","Bezirk Schwyz",506,"2026-06-20","2"
"175","Bezirk Schwyz",506,"2026-06-21","3"
"176","Kanton Obwalden",600,"2026-06-17","0"
"177","Kanton Obwalden",600,"2026-06-18","1"
"178","Kanton Obwalden",600,"2026-06-19","3"
"179","Kanton Obwalden",600,"2026-06-20","2"
"180","Kanton Obwalden",600,"2026-06-21","3"
"181","Kanton Nidwalden",700,"2026-06-17","0"
"182","Kanton Nidwalden",700,"2026-06-18","1"
"183","Kanton Nidwalden",700,"2026-06-19","3"
"184","Kanton Nidwalden",700,"2026-06-20","2"
"185","Kanton Nidwalden",700,"2026-06-21","3"
"186","Kanton Glarus",800,"2026-06-17","0"
"187","Kanton Glarus",800,"2026-06-18","1"
"188","Kanton Glarus",800,"2026-06-19","3"
"189","Kanton Glarus",800,"2026-06-20","2"
"190","Kanton Glarus",800,"2026-06-21","3"
"191","Kanton Zug",900,"2026-06-17","0"
"192","Kanton Zug",900,"2026-06-18","1"
"193","Kanton Zug",900,"2026-06-19","3"
"194","Kanton Zug",900,"2026-06-20","2"
"195","Kanton Zug",900,"2026-06-21","3"
"196","District de la Broye",1001,"2026-06-17","0"
"197","District de la Broye",1001,"2026-06-18","2"
"198","District de la Broye",1001,"2026-06-19","3"
"199","District de la Broye",1001,"2026-06-20","1"
"200","District de la Broye",1001,"2026-06-21","2"
"201","District de la Glâne",1002,"2026-06-17","0"
"202","District de la Glâne",1002,"2026-06-18","2"
"203","District de la Glâne",1002,"2026-06-19","2"
"204","District de la Glâne",1002,"2026-06-20","1"
"205","District de la Glâne",1002,"2026-06-21","2"
"206","District de la Gruyère",1003,"2026-06-17","0"
"207","District de la Gruyère",1003,"2026-06-18","1"
"208","District de la Gruyère",1003,"2026-06-19","2"
"209","District de la Gruyère",1003,"2026-06-20","1"
"210","District de la Gruyère",1003,"2026-06-21","2"
"211","District de la Sarine",1004,"2026-06-17","0"
"212","District de la Sarine",1004,"2026-06-18","1"
"213","District de la Sarine",1004,"2026-06-19","2"
"214","District de la Sarine",1004,"2026-06-20","1"
"215","District de la Sarine",1004,"2026-06-21","1"
"216","Bezirk See / District du Lac",1005,"2026-06-17","0"
"217","Bezirk See / District du Lac",1005,"2026-06-18","1"
"218","Bezirk See / District du Lac",1005,"2026-06-19","2"
"219","Bezirk See / District du Lac",1005,"2026-06-20","1"
"220","Bezirk See / District du Lac",1005,"2026-06-21","1"
"221","Bezirk Sense",1006,"2026-06-17","0"
"222","Bezirk Sense",1006,"2026-06-18","1"
"223","Bezirk Sense",1006,"2026-06-19","2"
"224","Bezirk Sense",1006,"2026-06-20","1"
"225","Bezirk Sense",1006,"2026-06-21","2"
"226","District de la Veveyse",1007,"2026-06-17","0"
"227","District de la Veveyse",1007,"2026-06-18","1"
"228","District de la Veveyse",1007,"2026-06-19","3"
"229","District de la Veveyse",1007,"2026-06-20","1"
"230","District de la Veveyse",1007,"2026-06-21","3"
"231","Bezirk Gäu",1101,"2026-06-17","0"
"232","Bezirk Gäu",1101,"2026-06-18","1"
"233","Bezirk Gäu",1101,"2026-06-19","3"
"234","Bezirk Gäu",1101,"2026-06-20","1"
"235","Bezirk Gäu",1101,"2026-06-21","2"
"236","Bezirk Thal",1102,"2026-06-17","0"
"237","Bezirk Thal",1102,"2026-06-18","1"
"238","Bezirk Thal",1102,"2026-06-19","3"
"239","Bezirk Thal",1102,"2026-06-20","1"
"240","Bezirk Thal",1102,"2026-06-21","3"
"241","Bezirk Bucheggberg",1103,"2026-06-17","0"
"242","Bezirk Bucheggberg",1103,"2026-06-18","2"
"243","Bezirk Bucheggberg",1103,"2026-06-19","3"
"244","Bezirk Bucheggberg",1103,"2026-06-20","1"
"245","Bezirk Bucheggberg",1103,"2026-06-21","3"
"246","Bezirk Dorneck",1104,"2026-06-17","0"
"247","Bezirk Dorneck",1104,"2026-06-18","1"
"248","Bezirk Dorneck",1104,"2026-06-19","2"
"249","Bezirk Dorneck",1104,"2026-06-20","2"
"250","Bezirk Dorneck",1104,"2026-06-21","3"
"251","Bezirk Gösgen",1105,"2026-06-17","0"
"252","Bezirk Gösgen",1105,"2026-06-18","1"
"253","Bezirk Gösgen",1105,"2026-06-19","2"
"254","Bezirk Gösgen",1105,"2026-06-20","1"
"255","Bezirk Gösgen",1105,"2026-06-21","2"
"256","Bezirk Wasseramt",1106,"2026-06-17","0"
"257","Bezirk Wasseramt",1106,"2026-06-18","1"
"258","Bezirk Wasseramt",1106,"2026-06-19","2"
"259","Bezirk Wasseramt",1106,"2026-06-20","1"
"260","Bezirk Wasseramt",1106,"2026-06-21","2"
"261","Bezirk Lebern",1107,"2026-06-17","0"
"262","Bezirk Lebern",1107,"2026-06-18","1"
"263","Bezirk Lebern",1107,"2026-06-19","3"
"264","Bezirk Lebern",1107,"2026-06-20","1"
"265","Bezirk Lebern",1107,"2026-06-21","3"
"266","Bezirk Olten",1108,"2026-06-17","0"
"267","Bezirk Olten",1108,"2026-06-18","1"
"268","Bezirk Olten",1108,"2026-06-19","3"
"269","Bezirk Olten",1108,"2026-06-20","1"
"270","Bezirk Olten",1108,"2026-06-21","2"
"271","Bezirk Solothurn",1109,"2026-06-17","0"
"272","Bezirk Solothurn",1109,"2026-06-18","1"
"273","Bezirk Solothurn",1109,"2026-06-19","2"
"274","Bezirk Solothurn",1109,"2026-06-20","1"
"275","Bezirk Solothurn",1109,"2026-06-21","2"
"276","Bezirk Thierstein",1110,"2026-06-17","0"
"277","Bezirk Thierstein",1110,"2026-06-18","1"
"278","Bezirk Thierstein",1110,"2026-06-19","2"
"279","Bezirk Thierstein",1110,"2026-06-20","2"
"280","Bezirk Thierstein",1110,"2026-06-21","3"
"281","Kanton Basel-Stadt",1200,"2026-06-17","0"
"282","Kanton Basel-Stadt",1200,"2026-06-18","1"
"283","Kanton Basel-Stadt",1200,"2026-06-19","2"
"284","Kanton Basel-Stadt",1200,"2026-06-20","1"
"285","Kanton Basel-Stadt",1200,"2026-06-21","3"
"286","Bezirk Arlesheim",1301,"2026-06-17","0"
"287","Bezirk Arlesheim",1301,"2026-06-18","1"
"288","Bezirk Arlesheim",1301,"2026-06-19","2"
"289","Bezirk Arlesheim",1301,"2026-06-20","1"
"290","Bezirk Arlesheim",1301,"2026-06-21","3"
"291","Bezirk Laufen",1302,"2026-06-17","0"
"292","Bezirk Laufen",1302,"2026-06-18","1"
"293","Bezirk Laufen",1302,"2026-06-19","2"
"294","Bezirk Laufen",1302,"2026-06-20","1"
"295","Bezirk Laufen",1302,"2026-06-21","3"
"296","Bezirk Liestal",1303,"2026-06-17","0"
"297","Bezirk Liestal",1303,"2026-06-18","1"
"298","Bezirk Liestal",1303,"2026-06-19","2"
"299","Bezirk Liestal",1303,"2026-06-20","1"
"300","Bezirk Liestal",1303,"2026-06-21","3"
"301","Bezirk Sissach",1304,"2026-06-17","0"
"302","Bezirk Sissach",1304,"2026-06-18","1"
"303","Bezirk Sissach",1304,"2026-06-19","2"
"304","Bezirk Sissach",1304,"2026-06-20","1"
"305","Bezirk Sissach",1304,"2026-06-21","2"
"306","Bezirk Waldenburg",1305,"2026-06-17","0"
"307","Bezirk Waldenburg",1305,"2026-06-18","1"
"308","Bezirk Waldenburg",1305,"2026-06-19","2"
"309","Bezirk Waldenburg",1305,"2026-06-20","1"
"310","Bezirk Waldenburg",1305,"2026-06-21","3"
"311","Bezirk Oberklettgau",1401,"2026-06-17","0"
"312","Bezirk Oberklettgau",1401,"2026-06-18","1"
"313","Bezirk Oberklettgau",1401,"2026-06-19","3"
"314","Bezirk Oberklettgau",1401,"2026-06-20","1"
"315","Bezirk Oberklettgau",1401,"2026-06-21","2"
"316","Bezirk Reiat",1402,"2026-06-17","0"
"317","Bezirk Reiat",1402,"2026-06-18","1"
"318","Bezirk Reiat",1402,"2026-06-19","2"
"319","Bezirk Reiat",1402,"2026-06-20","1"
"320","Bezirk Reiat",1402,"2026-06-21","2"
"321","Bezirk Schaffhausen",1403,"2026-06-17","0"
"322","Bezirk Schaffhausen",1403,"2026-06-18","1"
"323","Bezirk Schaffhausen",1403,"2026-06-19","3"
"324","Bezirk Schaffhausen",1403,"2026-06-20","1"
"325","Bezirk Schaffhausen",1403,"2026-06-21","2"
"326","Bezirk Schleitheim",1404,"2026-06-17","0"
"327","Bezirk Schleitheim",1404,"2026-06-18","1"
"328","Bezirk Schleitheim",1404,"2026-06-19","3"
"329","Bezirk Schleitheim",1404,"2026-06-20","1"
"330","Bezirk Schleitheim",1404,"2026-06-21","2"
"331","Bezirk Stein",1405,"2026-06-17","0"
"332","Bezirk Stein",1405,"2026-06-18","0"
"333","Bezirk Stein",1405,"2026-06-19","2"
"334","Bezirk Stein",1405,"2026-06-20","1"
"335","Bezirk Stein",1405,"2026-06-21","2"
"336","Bezirk Unterklettgau",1406,"2026-06-17","0"
"337","Bezirk Unterklettgau",1406,"2026-06-18","1"
"338","Bezirk Unterklettgau",1406,"2026-06-19","3"
"339","Bezirk Unterklettgau",1406,"2026-06-20","1"
"340","Bezirk Unterklettgau",1406,"2026-06-21","2"
"341","Bezirk Hinterland",1501,"2026-06-17","0"
"342","Bezirk Hinterland",1501,"2026-06-18","1"
"343","Bezirk Hinterland",1501,"2026-06-19","1"
"344","Bezirk Hinterland",1501,"2026-06-20","1"
"345","Bezirk Hinterland",1501,"2026-06-21","2"
"346","Bezirk Mittelland",1502,"2026-06-17","0"
"347","Bezirk Mittelland",1502,"2026-06-18","1"
"348","Bezirk Mittelland",1502,"2026-06-19","1"
"349","Bezirk Mittelland",1502,"2026-06-20","1"
"350","Bezirk Mittelland",1502,"2026-06-21","2"
"351","Bezirk Vorderland",1503,"2026-06-17","0"
"352","Bezirk Vorderland",1503,"2026-06-18","1"
"353","Bezirk Vorderland",1503,"2026-06-19","2"
"354","Bezirk Vorderland",1503,"2026-06-20","1"
"355","Bezirk Vorderland",1503,"2026-06-21","3"
"356","Kanton Appenzell Innerrhoden",1600,"2026-06-17","0"
"357","Kanton Appenzell Innerrhoden",1600,"2026-06-18","1"
"358","Kanton Appenzell Innerrhoden",1600,"2026-06-19","2"
"359","Kanton Appenzell Innerrhoden",1600,"2026-06-20","1"
"360","Kanton Appenzell Innerrhoden",1600,"2026-06-21","2"
"361","Wahlkreis St. Gallen",1721,"2026-06-17","0"
"362","Wahlkreis St. Gallen",1721,"2026-06-18","1"
"363","Wahlkreis St. Gallen",1721,"2026-06-19","1"
"364","Wahlkreis St. Gallen",1721,"2026-06-20","1"
"365","Wahlkreis St. Gallen",1721,"2026-06-21","2"
"366","Wahlkreis Rorschach",1722,"2026-06-17","0"
"367","Wahlkreis Rorschach",1722,"2026-06-18","0"
"368","Wahlkreis Rorschach",1722,"2026-06-19","1"
"369","Wahlkreis Rorschach",1722,"2026-06-20","1"
"370","Wahlkreis Rorschach",1722,"2026-06-21","2"
"371","Wahlkreis Rheintal",1723,"2026-06-17","0"
"372","Wahlkreis Rheintal",1723,"2026-06-18","0"
"373","Wahlkreis Rheintal",1723,"2026-06-19","1"
"374","Wahlkreis Rheintal",1723,"2026-06-20","1"
"375","Wahlkreis Rheintal",1723,"2026-06-21","2"
"376","Wahlkreis Werdenberg",1724,"2026-06-17","0"
"377","Wahlkreis Werdenberg",1724,"2026-06-18","1"
"378","Wahlkreis Werdenberg",1724,"2026-06-19","2"
"379","Wahlkreis Werdenberg",1724,"2026-06-20","1"
"380","Wahlkreis Werdenberg",1724,"2026-06-21","1"
"381","Wahlkreis Sarganserland",1725,"2026-06-17","0"
"382","Wahlkreis Sarganserland",1725,"2026-06-18","0"
"383","Wahlkreis Sarganserland",1725,"2026-06-19","1"
"384","Wahlkreis Sarganserland",1725,"2026-06-20","1"
"385","Wahlkreis Sarganserland",1725,"2026-06-21","1"
"386","Wahlkreis See-Gaster",1726,"2026-06-17","0"
"387","Wahlkreis See-Gaster",1726,"2026-06-18","1"
"388","Wahlkreis See-Gaster",1726,"2026-06-19","3"
"389","Wahlkreis See-Gaster",1726,"2026-06-20","3"
"390","Wahlkreis See-Gaster",1726,"2026-06-21","3"
"391","Wahlkreis Toggenburg",1727,"2026-06-17","0"
"392","Wahlkreis Toggenburg",1727,"2026-06-18","1"
"393","Wahlkreis Toggenburg",1727,"2026-06-19","2"
"394","Wahlkreis Toggenburg",1727,"2026-06-20","2"
"395","Wahlkreis Toggenburg",1727,"2026-06-21","2"
"396","Wahlkreis Wil",1728,"2026-06-17","0"
"397","Wahlkreis Wil",1728,"2026-06-18","1"
"398","Wahlkreis Wil",1728,"2026-06-19","1"
"399","Wahlkreis Wil",1728,"2026-06-20","1"
"400","Wahlkreis Wil",1728,"2026-06-21","2"
"401","Region Albula",1841,"2026-06-17","0"
"402","Region Albula",1841,"2026-06-18","0"
"403","Region Albula",1841,"2026-06-19","1"
"404","Region Albula",1841,"2026-06-20","1"
"405","Region Albula",1841,"2026-06-21","1"
"406","Region Bernina",1842,"2026-06-17","0"
"407","Region Bernina",1842,"2026-06-18","1"
"408","Region Bernina",1842,"2026-06-19","2"
"409","Region Bernina",1842,"2026-06-20","1"
"410","Region Bernina",1842,"2026-06-21","1"
"411","Region Engiadina Bassa / Val Müstair",1843,"2026-06-17","0"
"412","Region Engiadina Bassa / Val Müstair",1843,"2026-06-18","0"
"413","Region Engiadina Bassa / Val Müstair",1843,"2026-06-19","1"
"414","Region Engiadina Bassa / Val Müstair",1843,"2026-06-20","1"
"415","Region Engiadina Bassa / Val Müstair",1843,"2026-06-21","1"
"416","Region Imboden",1844,"2026-06-17","0"
"417","Region Imboden",1844,"2026-06-18","0"
"418","Region Imboden",1844,"2026-06-19","1"
"419","Region Imboden",1844,"2026-06-20","1"
"420","Region Imboden",1844,"2026-06-21","1"
"421","Region Landquart",1845,"2026-06-17","0"
"422","Region Landquart",1845,"2026-06-18","0"
"423","Region Landquart",1845,"2026-06-19","2"
"424","Region Landquart",1845,"2026-06-20","1"
"425","Region Landquart",1845,"2026-06-21","2"
"426","Region Maloja",1846,"2026-06-17","0"
"427","Region Maloja",1846,"2026-06-18","0"
"428","Region Maloja",1846,"2026-06-19","2"
"429","Region Maloja",1846,"2026-06-20","1"
"430","Region Maloja",1846,"2026-06-21","1"
"431","Region Moesa",1847,"2026-06-17","0"
"432","Region Moesa",1847,"2026-06-18","1"
"433","Region Moesa",1847,"2026-06-19","3"
"434","Region Moesa",1847,"2026-06-20","2"
"435","Region Moesa",1847,"2026-06-21","2"
"436","Region Plessur",1848,"2026-06-17","0"
"437","Region Plessur",1848,"2026-06-18","0"
"438","Region Plessur",1848,"2026-06-19","1"
"439","Region Plessur",1848,"2026-06-20","1"
"440","Region Plessur",1848,"2026-06-21","1"
"441","Region Prättigau / Davos",1849,"2026-06-17","0"
"442","Region Prättigau / Davos",1849,"2026-06-18","0"
"443","Region Prättigau / Davos",1849,"2026-06-19","1"
"444","Region Prättigau / Davos",1849,"2026-06-20","1"
"445","Region Prättigau / Davos",1849,"2026-06-21","1"
"446","Region Surselva",1850,"2026-06-17","0"
"447","Region Surselva",1850,"2026-06-18","0"
"448","Region Surselva",1850,"2026-06-19","1"
"449","Region Surselva",1850,"2026-06-20","1"
"450","Region Surselva",1850,"2026-06-21","1"
"451","Region Viamala",1851,"2026-06-17","0"
"452","Region Viamala",1851,"2026-06-18","0"
"453","Region Viamala",1851,"2026-06-19","1"
"454","Region Viamala",1851,"2026-06-20","1"
"455","Region Viamala",1851,"2026-06-21","1"
"456","Bezirk Aarau",1901,"2026-06-17","0"
"457","Bezirk Aarau",1901,"2026-06-18","1"
"458","Bezirk Aarau",1901,"2026-06-19","3"
"459","Bezirk Aarau",1901,"2026-06-20","1"
"460","Bezirk Aarau",1901,"2026-06-21","2"
"461","Bezirk Baden",1902,"2026-06-17","0"
"462","Bezirk Baden",1902,"2026-06-18","1"
"463","Bezirk Baden",1902,"2026-06-19","3"
"464","Bezirk Baden",1902,"2026-06-20","1"
"465","Bezirk Baden",1902,"2026-06-21","3"
"466","Bezirk Bremgarten",1903,"2026-06-17","0"
"467","Bezirk Bremgarten",1903,"2026-06-18","1"
"468","Bezirk Bremgarten",1903,"2026-06-19","3"
"469","Bezirk Bremgarten",1903,"2026-06-20","1"
"470","Bezirk Bremgarten",1903,"2026-06-21","3"
"471","Bezirk Brugg",1904,"2026-06-17","0"
"472","Bezirk Brugg",1904,"2026-06-18","1"
"473","Bezirk Brugg",1904,"2026-06-19","2"
"474","Bezirk Brugg",1904,"2026-06-20","1"
"475","Bezirk Brugg",1904,"2026-06-21","2"
"476","Bezirk Kulm",1905,"2026-06-17","0"
"477","Bezirk Kulm",1905,"2026-06-18","2"
"478","Bezirk Kulm",1905,"2026-06-19","3"
"479","Bezirk Kulm",1905,"2026-06-20","1"
"480","Bezirk Kulm",1905,"2026-06-21","3"
"481","Bezirk Laufenburg",1906,"2026-06-17","0"
"482","Bezirk Laufenburg",1906,"2026-06-18","1"
"483","Bezirk Laufenburg",1906,"2026-06-19","2"
"484","Bezirk Laufenburg",1906,"2026-06-20","1"
"485","Bezirk Laufenburg",1906,"2026-06-21","3"
"486","Bezirk Lenzburg",1907,"2026-06-17","0"
"487","Bezirk Lenzburg",1907,"2026-06-18","1"
"488","Bezirk Lenzburg",1907,"2026-06-19","3"
"489","Bezirk Lenzburg",1907,"2026-06-20","1"
"490","Bezirk Lenzburg",1907,"2026-06-21","2"
"491","Bezirk Muri",1908,"2026-06-17","0"
"492","Bezirk Muri",1908,"2026-06-18","1"
"493","Bezirk Muri",1908,"2026-06-19","3"
"494","Bezirk Muri",1908,"2026-06-20","1"
"495","Bezirk Muri",1908,"2026-06-21","3"
"496","Bezirk Rheinfelden",1909,"2026-06-17","0"
"497","Bezirk Rheinfelden",1909,"2026-06-18","1"
"498","Bezirk Rheinfelden",1909,"2026-06-19","2"
"499","Bezirk Rheinfelden",1909,"2026-06-20","1"
"500","Bezirk Rheinfelden",1909,"2026-06-21","3"
"501","Bezirk Zofingen",1910,"2026-06-17","0"
"502","Bezirk Zofingen",1910,"2026-06-18","1"
"503","Bezirk Zofingen",1910,"2026-06-19","3"
"504","Bezirk Zofingen",1910,"2026-06-20","1"
"505","Bezirk Zofingen",1910,"2026-06-21","2"
"506","Bezirk Zurzach",1911,"2026-06-17","0"
"507","Bezirk Zurzach",1911,"2026-06-18","0"
"508","Bezirk Zurzach",1911,"2026-06-19","2"
"509","Bezirk Zurzach",1911,"2026-06-20","1"
"510","Bezirk Zurzach",1911,"2026-06-21","2"
"511","Bezirk Arbon",2011,"2026-06-17","0"
"512","Bezirk Arbon",2011,"2026-06-18","0"
"513","Bezirk Arbon",2011,"2026-06-19","1"
"514","Bezirk Arbon",2011,"2026-06-20","1"
"515","Bezirk Arbon",2011,"2026-06-21","2"
"516","Bezirk Frauenfeld",2012,"2026-06-17","0"
"517","Bezirk Frauenfeld",2012,"2026-06-18","1"
"518","Bezirk Frauenfeld",2012,"2026-06-19","2"
"519","Bezirk Frauenfeld",2012,"2026-06-20","1"
"520","Bezirk Frauenfeld",2012,"2026-06-21","2"
"521","Bezirk Kreuzlingen",2013,"2026-06-17","0"
"522","Bezirk Kreuzlingen",2013,"2026-06-18","0"
"523","Bezirk Kreuzlingen",2013,"2026-06-19","2"
"524","Bezirk Kreuzlingen",2013,"2026-06-20","1"
"525","Bezirk Kreuzlingen",2013,"2026-06-21","2"
"526","Bezirk Münchwilen",2014,"2026-06-17","0"
"527","Bezirk Münchwilen",2014,"2026-06-18","1"
"528","Bezirk Münchwilen",2014,"2026-06-19","2"
"529","Bezirk Münchwilen",2014,"2026-06-20","1"
"530","Bezirk Münchwilen",2014,"2026-06-21","2"
"531","Bezirk Weinfelden",2015,"2026-06-17","0"
"532","Bezirk Weinfelden",2015,"2026-06-18","1"
"533","Bezirk Weinfelden",2015,"2026-06-19","2"
"534","Bezirk Weinfelden",2015,"2026-06-20","1"
"535","Bezirk Weinfelden",2015,"2026-06-21","2"
"536","Distretto di Bellinzona",2101,"2026-06-17","0"
"537","Distretto di Bellinzona",2101,"2026-06-18","1"
"538","Distretto di Bellinzona",2101,"2026-06-19","3"
"539","Distretto di Bellinzona",2101,"2026-06-20","3"
"540","Distretto di Bellinzona",2101,"2026-06-21","2"
"541","Distretto di Blenio",2102,"2026-06-17","0"
"542","Distretto di Blenio",2102,"2026-06-18","1"
"543","Distretto di Blenio",2102,"2026-06-19","2"
"544","Distretto di Blenio",2102,"2026-06-20","2"
"545","Distretto di Blenio",2102,"2026-06-21","1"
"546","Distretto di Leventina",2103,"2026-06-17","0"
"547","Distretto di Leventina",2103,"2026-06-18","1"
"548","Distretto di Leventina",2103,"2026-06-19","2"
"549","Distretto di Leventina",2103,"2026-06-20","1"
"550","Distretto di Leventina",2103,"2026-06-21","1"
"551","Distretto di Locarno",2104,"2026-06-17","0"
"552","Distretto di Locarno",2104,"2026-06-18","0"
"553","Distretto di Locarno",2104,"2026-06-19","2"
"554","Distretto di Locarno",2104,"2026-06-20","2"
"555","Distretto di Locarno",2104,"2026-06-21","2"
"556","Distretto di Lugano",2105,"2026-06-17","0"
"557","Distretto di Lugano",2105,"2026-06-18","1"
"558","Distretto di Lugano",2105,"2026-06-19","3"
"559","Distretto di Lugano",2105,"2026-06-20","3"
"560","Distretto di Lugano",2105,"2026-06-21","2"
"561","Distretto di Mendrisio",2106,"2026-06-17","0"
"562","Distretto di Mendrisio",2106,"2026-06-18","1"
"563","Distretto di Mendrisio",2106,"2026-06-19","3"
"564","Distretto di Mendrisio",2106,"2026-06-20","3"
"565","Distretto di Mendrisio",2106,"2026-06-21","3"
"566","Distretto di Riviera",2107,"2026-06-17","0"
"567","Distretto di Riviera",2107,"2026-06-18","1"
"568","Distretto di Riviera",2107,"2026-06-19","3"
"569","Distretto di Riviera",2107,"2026-06-20","2"
"570","Distretto di Riviera",2107,"2026-06-21","2"
"571","Distretto di Vallemaggia",2108,"2026-06-17","0"
"572","Distretto di Vallemaggia",2108,"2026-06-18","1"
"573","Distretto di Vallemaggia",2108,"2026-06-19","2"
"574","Distretto di Vallemaggia",2108,"2026-06-20","1"
"575","Distretto di Vallemaggia",2108,"2026-06-21","1"
"576","District d'Aigle",2221,"2026-06-17","0"
"577","District d'Aigle",2221,"2026-06-18","2"
"578","District d'Aigle",2221,"2026-06-19","3"
"579","District d'Aigle",2221,"2026-06-20","1"
"580","District d'Aigle",2221,"2026-06-21","3"
"581","District de la Broye-Vully",2222,"2026-06-17","0"
"582","District de la Broye-Vully",2222,"2026-06-18","2"
"583","District de la Broye-Vully",2222,"2026-06-19","2"
"584","District de la Broye-Vully",2222,"2026-06-20","1"
"585","District de la Broye-Vully",2222,"2026-06-21","2"
"586","District du Gros-de-Vaud",2223,"2026-06-17","0"
"587","District du Gros-de-Vaud",2223,"2026-06-18","1"
"588","District du Gros-de-Vaud",2223,"2026-06-19","3"
"589","District du Gros-de-Vaud",2223,"2026-06-20","1"
"590","District du Gros-de-Vaud",2223,"2026-06-21","2"
"591","District du Jura-Nord vaudois",2224,"2026-06-17","0"
"592","District du Jura-Nord vaudois",2224,"2026-06-18","2"
"593","District du Jura-Nord vaudois",2224,"2026-06-19","3"
"594","District du Jura-Nord vaudois",2224,"2026-06-20","1"
"595","District du Jura-Nord vaudois",2224,"2026-06-21","2"
"596","District de Lausanne",2225,"2026-06-17","0"
"597","District de Lausanne",2225,"2026-06-18","2"
"598","District de Lausanne",2225,"2026-06-19","3"
"599","District de Lausanne",2225,"2026-06-20","1"
"600","District de Lausanne",2225,"2026-06-21","3"
"601","District de Lavaux-Oron",2226,"2026-06-17","0"
"602","District de Lavaux-Oron",2226,"2026-06-18","2"
"603","District de Lavaux-Oron",2226,"2026-06-19","3"
"604","District de Lavaux-Oron",2226,"2026-06-20","1"
"605","District de Lavaux-Oron",2226,"2026-06-21","3"
"606","District de Morges",2227,"2026-06-17","0"
"607","District de Morges",2227,"2026-06-18","1"
"608","District de Morges",2227,"2026-06-19","2"
"609","District de Morges",2227,"2026-06-20","1"
"610","District de Morges",2227,"2026-06-21","2"
"611","District de Nyon",2228,"2026-06-17","0"
"612","District de Nyon",2228,"2026-06-18","1"
"613","District de Nyon",2228,"2026-06-19","2"
"614","District de Nyon",2228,"2026-06-20","1"
"615","District de Nyon",2228,"2026-06-21","2"
"616","District de l'Ouest lausannois",2229,"2026-06-17","0"
"617","District de l'Ouest lausannois",2229,"2026-06-18","1"
"618","District de l'Ouest lausannois",2229,"2026-06-19","2"
"619","District de l'Ouest lausannois",2229,"2026-06-20","1"
"620","District de l'Ouest lausannois",2229,"2026-06-21","2"
"621","District de la Riviera-Pays-d'Enhaut",2230,"2026-06-17","0"
"622","District de la Riviera-Pays-d'Enhaut",2230,"2026-06-18","2"
"623","District de la Riviera-Pays-d'Enhaut",2230,"2026-06-19","3"
"624","District de la Riviera-Pays-d'Enhaut",2230,"2026-06-20","2"
"625","District de la Riviera-Pays-d'Enhaut",2230,"2026-06-21","3"
"626","Bezirk Brig",2301,"2026-06-17","0"
"627","Bezirk Brig",2301,"2026-06-18","0"
"628","Bezirk Brig",2301,"2026-06-19","1"
"629","Bezirk Brig",2301,"2026-06-20","0"
"630","Bezirk Brig",2301,"2026-06-21","1"
"631","District de Conthey",2302,"2026-06-17","0"
"632","District de Conthey",2302,"2026-06-18","1"
"633","District de Conthey",2302,"2026-06-19","2"
"634","District de Conthey",2302,"2026-06-20","0"
"635","District de Conthey",2302,"2026-06-21","3"
"636","District d'Entremont",2303,"2026-06-17","0"
"637","District d'Entremont",2303,"2026-06-18","0"
"638","District d'Entremont",2303,"2026-06-19","1"
"639","District d'Entremont",2303,"2026-06-20","0"
"640","District d'Entremont",2303,"2026-06-21","1"
"641","Bezirk Goms",2304,"2026-06-17","0"
"642","Bezirk Goms",2304,"2026-06-18","0"
"643","Bezirk Goms",2304,"2026-06-19","1"
"644","Bezirk Goms",2304,"2026-06-20","1"
"645","Bezirk Goms",2304,"2026-06-21","1"
"646","District d'Hérens",2305,"2026-06-17","0"
"647","District d'Hérens",2305,"2026-06-18","1"
"648","District d'Hérens",2305,"2026-06-19","2"
"649","District d'Hérens",2305,"2026-06-20","1"
"650","District d'Hérens",2305,"2026-06-21","2"
"651","Bezirk Leuk",2306,"2026-06-17","0"
"652","Bezirk Leuk",2306,"2026-06-18","1"
"653","Bezirk Leuk",2306,"2026-06-19","2"
"654","Bezirk Leuk",2306,"2026-06-20","0"
"655","Bezirk Leuk",2306,"2026-06-21","2"
"656","District de Martigny",2307,"2026-06-17","0"
"657","District de Martigny",2307,"2026-06-18","1"
"658","District de Martigny",2307,"2026-06-19","2"
"659","District de Martigny",2307,"2026-06-20","0"
"660","District de Martigny",2307,"2026-06-21","2"
"661","District de Monthey",2308,"2026-06-17","0"
"662","District de Monthey",2308,"2026-06-18","2"
"663","District de Monthey",2308,"2026-06-19","3"
"664","District de Monthey",2308,"2026-06-20","1"
"665","District de Monthey",2308,"2026-06-21","3"
"666","Bezirk Raron",2309,"2026-06-17","0"
"667","Bezirk Raron",2309,"2026-06-18","1"
"668","Bezirk Raron",2309,"2026-06-19","2"
"669","Bezirk Raron",2309,"2026-06-20","1"
"670","Bezirk Raron",2309,"2026-06-21","2"
"671","District de Saint-Maurice",2310,"2026-06-17","0"
"672","District de Saint-Maurice",2310,"2026-06-18","1"
"673","District de Saint-Maurice",2310,"2026-06-19","3"
"674","District de Saint-Maurice",2310,"2026-06-20","1"
"675","District de Saint-Maurice",2310,"2026-06-21","3"
"676","District de Sierre",2311,"2026-06-17","0"
"677","District de Sierre",2311,"2026-06-18","2"
"678","District de Sierre",2311,"2026-06-19","2"
"679","District de Sierre",2311,"2026-06-20","1"
"680","District de Sierre",2311,"2026-06-21","2"
"681","District de Sion",2312,"2026-06-17","1"
"682","District de Sion",2312,"2026-06-18","2"
"683","District de Sion",2312,"2026-06-19","3"
"684","District de Sion",2312,"2026-06-20","1"
"685","District de Sion",2312,"2026-06-21","3"
"686","Bezirk Visp",2313,"2026-06-17","0"
"687","Bezirk Visp",2313,"2026-06-18","0"
"688","Bezirk Visp",2313,"2026-06-19","1"
"689","Bezirk Visp",2313,"2026-06-20","0"
"690","Bezirk Visp",2313,"2026-06-21","1"
"691","Canton de Neuchâtel",2400,"2026-06-17","0"
"692","Canton de Neuchâtel",2400,"2026-06-18","1"
"693","Canton de Neuchâtel",2400,"2026-06-19","3"
"694","Canton de Neuchâtel",2400,"2026-06-20","1"
"695","Canton de Neuchâtel",2400,"2026-06-21","3"
"696","Canton de Genève",2500,"2026-06-17","0"
"697","Canton de Genève",2500,"2026-06-18","1"
"698","Canton de Genève",2500,"2026-06-19","2"
"699","Canton de Genève",2500,"2026-06-20","1"
"700","Canton de Genève",2500,"2026-06-21","1"
"701","District de Delémont",2601,"2026-06-17","0"
"702","District de Delémont",2601,"2026-06-18","1"
"703","District de Delémont",2601,"2026-06-19","2"
"704","District de Delémont",2601,"2026-06-20","2"
"705","District de Delémont",2601,"2026-06-21","3"
"706","District des Franches-Montagnes",2602,"2026-06-17","0"
"707","District des Franches-Montagnes",2602,"2026-06-18","1"
"708","District des Franches-Montagnes",2602,"2026-06-19","2"
"709","District des Franches-Montagnes",2602,"2026-06-20","1"
"710","District des Franches-Montagnes",2602,"2026-06-21","3"
"711","District de Porrentruy",2603,"2026-06-17","0"
"712","District de Porrentruy",2603,"2026-06-18","1"
"713","District de Porrentruy",2603,"2026-06-19","2"
"714","District de Porrentruy",2603,"2026-06-20","1"
"715","District de Porrentruy",2603,"2026-06-21","3"
